Model,Mean ROC-AUC,Std ROC-AUC,Mean F1,Mean Recall,Mean Precision
Gradient Boosting,0.7970369972668058,0.011111467288935998,0.5569946033159694,0.5235547342846388,0.5952611298984918
LightGBM,0.793592379771544,0.009772584651099992,0.628710806523683,0.7273763816172194,0.5536560448797438
Logistic Regression,0.7815112627369525,0.007870253564222019,0.5885092215063259,0.7435995619888444,0.4869578787379506
XGBoost,0.7807171113252794,0.007064772332526127,0.599227063864601,0.6721592581186051,0.5407486221534122
Random Forest,0.7792977743057823,0.011385757771866236,0.49311587712555716,0.4306710467782226,0.5769761340882953
Extra Trees,0.7530044236490946,0.009491984154201081,0.4648554410017682,0.41052150703213225,0.5360513293404889
